AktpS473,AktpT308,Coomassie_staining,ERKpT202_Y204,ER_alpha,FourEBP1pT37_46,GAPDH,IRS1pS636_639,PRAS40pS183,PRAS40pT246,S6KpT229,S6KpT389,TSC2pT1462,p38_pT180_Y182,Insulin_indep,AA_indep,AktpS473_indep,AktpT308_indep,Coomassie_staining_indep,ERKpT202_Y204_indep,ER_alpha_indep,FourEBP1pT37_46_indep,GAPDH_indep,IRS1pS636_639_indep,PRAS40pS183_indep,PRAS40pT246_indep,S6KpT229_indep,S6KpT389_indep,TSC2pT1462_indep,p38_pT180_Y182_indep,Insulin_indep_indep,AA_indep_indep
0.483406246146483,0.47331336412122416,1.0,0.5936844504054508,0.5409293329563891,0.5562357545764579,1.1660547652890032,0.3230471920174644,0.5134960895448804,0.3829545299925061,0.31318289425438817,0.30191398336427755,0.5583619989689947,1.221989017000543,0,0,0.483406246146483,0.47331336412122416,1.0,0.5936844504054508,0.5409293329563891,0.5562357545764579,1.1660547652890032,0.3230471920174644,0.5134960895448804,0.3829545299925061,0.31318289425438817,0.30191398336427755,0.5583619989689947,1.221989017000543,0.0,0.0
