AktpT308,AktpS473,PRAS40pT246,PRAS40pS183,S6KpT389,S6KpT229,TSC2pT1462,IRS1pS636_639,FourEBP1pT37_46,GAPDH,Coomassie_staining,ERKpT202_Y204,p38_pT180_Y182,ER_alpha,Insulin_indep,AA_indep,AktpT308_indep,AktpS473_indep,PRAS40pT246_indep,PRAS40pS183_indep,S6KpT389_indep,S6KpT229_indep,TSC2pT1462_indep,IRS1pS636_639_indep,FourEBP1pT37_46_indep,GAPDH_indep,Coomassie_staining_indep,ERKpT202_Y204_indep,p38_pT180_Y182_indep,ER_alpha_indep,Insulin_indep_indep,AA_indep_indep
0.5535671560092869,0.46913355171619897,0.2819673354013301,0.5074349404243843,0.43017398706760596,0.4117717250093394,0.5648032397680022,0.6358214872329411,0.24050006601864873,0.8388969872590909,1.0,0.30383987446879007,0.2991174397440612,1.7116215077989403,0,0,0.5535671560092869,0.46913355171619897,0.2819673354013301,0.5074349404243843,0.43017398706760596,0.4117717250093394,0.5648032397680022,0.6358214872329411,0.24050006601864873,0.8388969872590909,1.0,0.30383987446879007,0.2991174397440612,1.7116215077989403,0.0,0.0
