AktpT308,AktpS473,PRAS40pT246,PRAS40pS183,S6KpT389,S6KpT229,TSC2pT1462,IRS1pS636_639,FourEBP1pT37_46,GAPDH,Coomassie_staining,ERKpT202_Y204,p38_pT180_Y182,ER_alpha,Insulin_indep,AA_indep,AktpT308_indep,AktpS473_indep,PRAS40pT246_indep,PRAS40pS183_indep,S6KpT389_indep,S6KpT229_indep,TSC2pT1462_indep,IRS1pS636_639_indep,FourEBP1pT37_46_indep,GAPDH_indep,Coomassie_staining_indep,ERKpT202_Y204_indep,p38_pT180_Y182_indep,ER_alpha_indep,Insulin_indep_indep,AA_indep_indep
0.47331336412122416,0.483406246146483,0.3829545299925061,0.5134960895448804,0.30191398336427755,0.31318289425438817,0.5583619989689947,0.3230471920174644,0.5562357545764579,1.1660547652890032,1.0,0.5936844504054508,1.221989017000543,0.5409293329563891,0,0,0.47331336412122416,0.483406246146483,0.3829545299925061,0.5134960895448804,0.30191398336427755,0.31318289425438817,0.5583619989689947,0.3230471920174644,0.5562357545764579,1.1660547652890032,1.0,0.5936844504054508,1.221989017000543,0.5409293329563891,0.0,0.0
