AktpS473,AktpT308,Coomassie_staining,ERKpT202_Y204,ER_alpha,FourEBP1pT37_46,GAPDH,IRS1pS636_639,PRAS40pS183,PRAS40pT246,S6KpT229,S6KpT389,TSC2pT1462,p38_pT180_Y182,Insulin_indep,AA_indep,AktpS473_indep,AktpT308_indep,Coomassie_staining_indep,ERKpT202_Y204_indep,ER_alpha_indep,FourEBP1pT37_46_indep,GAPDH_indep,IRS1pS636_639_indep,PRAS40pS183_indep,PRAS40pT246_indep,S6KpT229_indep,S6KpT389_indep,TSC2pT1462_indep,p38_pT180_Y182_indep,Insulin_indep_indep,AA_indep_indep
0.39258616901127413,0.4862434153348463,1.0,0.11566136770488213,2.068311677785091,0.4881694032984871,1.4363818568983522,0.8613332330041834,0.5169321157777667,0.3871902936254561,0.6954510552064009,0.395656301190511,0.6449574617703275,0.48932351978352306,0,0,0.39258616901127413,0.4862434153348463,1.0,0.11566136770488213,2.068311677785091,0.4881694032984871,1.4363818568983522,0.8613332330041834,0.5169321157777667,0.3871902936254561,0.6954510552064009,0.395656301190511,0.6449574617703275,0.48932351978352306,0.0,0.0
