AktpS473,AktpT308,Coomassie_staining,ERKpT202_Y204,ER_alpha,FourEBP1pT37_46,GAPDH,IRS1pS636_639,PRAS40pS183,PRAS40pT246,S6KpT229,S6KpT389,TSC2pT1462,p38_pT180_Y182,Insulin_indep,AA_indep,AktpS473_indep,AktpT308_indep,Coomassie_staining_indep,ERKpT202_Y204_indep,ER_alpha_indep,FourEBP1pT37_46_indep,GAPDH_indep,IRS1pS636_639_indep,PRAS40pS183_indep,PRAS40pT246_indep,S6KpT229_indep,S6KpT389_indep,TSC2pT1462_indep,p38_pT180_Y182_indep,Insulin_indep_indep,AA_indep_indep
0.7636355256400162,0.7867983637853105,1.0,0.4517118844622798,0.3794610015021227,0.8096539495909253,0.6339561175094827,0.4488111371739206,0.7940574669827603,0.9817808090106594,0.3746348371162137,0.39657510911363536,1.0128070343280076,1.328014205949925,0,0,0.7636355256400162,0.7867983637853105,1.0,0.4517118844622798,0.3794610015021227,0.8096539495909253,0.6339561175094827,0.4488111371739206,0.7940574669827603,0.9817808090106594,0.3746348371162137,0.39657510911363536,1.0128070343280076,1.328014205949925,0.0,0.0
